<?xml version="1.0" encoding="UTF-8" ?>
<!DOCTYPE mapper
  PUBLIC "-//mybatis.org//DTD Mapper 3.0//EN"
  "http://mybatis.org/dtd/mybatis-3-mapper.dtd">
<mapper namespace="com.covid.mappers.covid">

	<!-- 게시물 목록 -->
	<select id="list" parameterType="HashMap" resultType="com.covid.domain.CovidVO">
	 select
	  *
	 from example
	 <if test=" district != null and country != null">
	 where country = #{country} and district = #{district}
	 </if>
	
	 
	</select>
	
	<select id="mystore" resultType="com.covid.domain.CovidVO">
	 select
	   store.bno as bno, building.building_name as building_name, store.store_name as store_name ,store.manager_name as manager_name, store.manager_id as manager_id
	 from store join building on store.building_num = building.bno
	 <if test="manager_id != null">
	 	where manager_id = #{manager_id}
	 
	 </if>
	 	<if test="id != null">
	 	where building.id = #{id}
	 
	 </if>
	 
	</select>
	
	<select id="store_count" resultType="int">
		select count(bno) from store where id = #{id};
	</select>
	
	<select id="list_count" resultType="int">
		 select count(*) from list join store on list.building_num = store.building_num and list.store_num = store.bno 
		 
	<if test=" master != null ">
		and id = #{id}
	 </if>
	 <if test=" master == null ">
		and manager_id = #{id}
	 </if>
	<if test=" bno != null ">
		and store.bno = #{bno}
	 </if>
	</select>
	
	
	<select id="list_check_count" resultType="int">
		 select count(*) from covid_board join store on covid_board.store_num = store.bno 
	<if test=" master != null ">
		and id = #{id}
	 </if>
	 <if test=" master == null ">
		and manager_id = #{id}
	 </if>
	<if test=" bno != null ">
		and store.bno = #{bno}
	 </if>
	</select>
	
	
	
	<select id="store" resultType="com.covid.domain.CovidVO">
	 select
	  *
	 from store
	  <if test=" building_number != null">
	 	 where building_num = #{building_number}
	 </if>
	 <if test=" building_num != null">
	 	 where building_num = #{building_bno}
	 </if>
	 <if test="id != null">
	 	 where manager_id = #{id}
	 </if>
	
	 
	 	
	 
	</select>
	
	<select id="code_check" resultType="com.covid.domain.CovidVO">
	 select
	  *
	 from store
	where bno = #{bno}
	 
	 	
	 
	</select>
	
	<select id="addr" resultType="com.covid.domain.CovidVO">
	
	select userAddr1
	from building where bno = #{bno};
	
	</select>
	
	<select id="building" parameterType="hashMap" resultType="com.covid.domain.CovidVO">
	
	select *
	from building where id = #{id} 
	<if test="displayPost != null and master == null">
	limit #{displayPost}, #{postNum};
	</if>
	<if test=" building_num != null">
	and bno = #{building_num}
	</if>
	</select>
	
	<select id="building_count" resultType="int">
		select count(bno) from building where id = #{id};
	</select>
	
	<select id="dis" resultType="com.covid.domain.CovidVO">
	 select
	  distinct country
	 from example
	 
	 	
	 
	</select>
	
		<select id="district" resultType="com.covid.domain.CovidVO">
		
	 select distinct district
	 from example where country = #{country} ;
	 
	 	
	 
	</select>
	
	<insert id="write" parameterType="com.covid.domain.CovidVO">
		insert into
			covid_board(temp,count,sanCount,building_num,store_num)
				values (#{temp},#{count},#{sanCount},#{building_num},#{store_num});
	
	</insert>
	
	<insert id="enroll_list" parameterType="com.covid.domain.CovidVO">
		insert into
		list(building_num,store_num,name,phone_number)
		values(#{building_num},#{store_num},#{name},#{phone_number});
	
	</insert>
	
	<select id="login" resultType="com.covid.domain.UserVO">
		select * from
			user
			where id = #{id}
	</select>
	
	<!-- 회원가입 -->
	<insert id="create_user" parameterType="com.covid.domain.UserVO">
		insert into
		user(id,pw,name,birthday,cellphone,email,roll)
		values(#{id},#{pw},#{name},#{birthday},#{cellphone},#{email},#{roll});	
	</insert>
	
		<!-- 건물등록 -->
	<insert id="enroll_building" parameterType="com.covid.domain.CovidVO">
		insert into
		building(id,building_name,userAddr1, userAddr2)
		values(#{id},#{building_name},#{userAddr1},#{userAddr2});	
	</insert>
	
			<!-- 상가등록 -->
	<insert id="enroll_store" parameterType="com.covid.domain.CovidVO">
		insert into
		store(id,floor_number,store_name,manager_name,phone_number,building_num,manager_id,building_name)
		values(#{id},#{floor_number},#{store_name},#{manager_name},#{phone_number},#{building_num},#{manager_id},1);	
	</insert>
	
	<!-- 아이디 중복체크 -->
	<select id="idcheck" resultType="com.covid.domain.UserVO">
		select id from
			user
		where id=#{id};
	
	</select>
	
	<!-- 게시물 목록 -->
	<select id="check" resultType="com.covid.domain.CovidVO">
	 select
	  num,temp,count,sanCount,date
	 from covid_board where num=#{num};
	</select>
	
	<!-- 아이디 찾기 -->
	<select id="findid" resultType="com.covid.domain.UserVO">
		select id from
			user
		where name = #{name} and email = #{email} and cellphone = #{cellphone};
	
	</select>
	
	<!-- 비밀번호 찾기 -->
	<update id="findpassword" parameterType="com.covid.domain.UserVO">
		update user
			set
				pw = #{pw}
			where id =  #{id} 
					and email = #{email};
	</update>
	
	<select id="list_manager_list" resultType="com.covid.domain.CovidVO">
	select building_name, store_name, name,list.phone_number, date from 
	list join store on list.building_num = store.building_num and list.store_num = store.bno 
	<if test=" id != null and master == null">
		and manager_id = #{id}
	</if>
	<if test="id != null and master != null ">
		and id = #{id}
	 </if>
	 
	<if test=" bno != null ">
		and store.bno = #{bno}
	 </if>

	</select>
	
	<select id="list_manager_check" resultType="com.covid.domain.CovidVO">
	select * from covid_board join store on covid_board.store_num = store.bno 
	<if test=" id != null and master == null">
		and manager_id = #{id}
	</if>
	<if test="id != null and master != null ">
		and id = #{id}
	 </if>
	 
	<if test=" bno != null ">
		and store.bno = #{bno}
	 </if>
	</select>
	
	<select id="check_all_count" resultType="int">
	
		select count(*) from covid_board

	</select>
	
	<select id="check_today_count" resultType="int">
	
		select count(*) from covid_board where date(date) = #{date};

	</select>
	
	<select id="check_today_good_count" resultType="int">
	
		select count(*) from covid_board where date(date) = #{date} and temp <![CDATA[ < ]]> 36.6

	</select>
	
	<select id="check_today_error_count" resultType="int">
	
		select count(*) from covid_board where date(date) = #{date} and temp  <![CDATA[ > ]]> 36.5
	 
	</select>
	
	<select id="building_all_count" resultType="int">
	
		select count(*) from building;

	</select>
	
	<select id="store_all_count" resultType="int">
	
		select count(*) from store;

	</select>
	
	<select id="check_store_list" resultType="com.covid.domain.CovidVO">
		
		select * from store join covid_board on store.bno = covid_board.store_num;

	</select>
	
	<select id="korea_map_building" parameterType="hashMap" resultType="com.covid.domain.CovidVO">
		
		select mid(userAddr1,4,2) as userAddr1 from building where userAddr1 like CONCAT('%', #{district_num}, '%')

		
	</select>
	
	<select id="korea_map_building_list" parameterType="hashMap" resultType="com.covid.domain.CovidVO">
		
		select * from building where userAddr1 like '%${district}%' and userAddr1 like '%${city}%'

	</select>
	
	<select id="status" parameterType="hashMap" resultType="com.covid.domain.CovidVO">
		
		 select store_name, count(*) as count from covid_board join store on covid_board.store_num = store.bno where covid_board.building_num = #{bno} group by store_num with rollup;
	</select>
	
	<select id="building_map" parameterType="hashMap" resultType="com.covid.domain.CovidVO">
		
		 select * from building where bno = #{bno}
		 
	</select>
	
	<select id="building_main_list" parameterType="hashMap" resultType="com.covid.domain.CovidVO">
	
		select store_name, temp, date from covid_board join store on covid_board.store_num = store.bno where covid_board.building_num = #{bno};

	</select>
	
	<select id="building_main_graph" parameterType="hashMap" resultType="com.covid.domain.CovidVO">
		
		select date, count(*) as count from covid_board where building_num = #{bno} group by date_format(date, '%y%m%d');
		
	</select>
	
	<select id="building_donut_graph" parameterType="hashMap" resultType="com.covid.domain.CovidVO">
		select count(*) as count from covid_board where building_num = #{bno} and 36.5 >= temp union
		select count(*) as count from covid_board where building_num = #{bno} and temp > 36.5  
		

	</select>
	
		<!-- 패스워드 수정 -->
	<update id="newpassword" parameterType="com.covid.domain.UserVO">
		update user
			set
				pw = #{pw}
				
			where id = #{id}
	</update>
	
</mapper>